"Model","AUC"
"Baseline",0.660390281907092
"Full",0.949830388465702
"Stepwise",0.949811958891348
