"Dataset","AUC"
"Train",0.950178950270519
"Test",0.949811958891348
