"Dataset","Mean_Probability","Min_Probability","Max_Probability"
"Train",0.113104500381507,0.000106937985654327,0.999999900215093
"Test",0.117026511431159,0.000164624676701769,0.999999834962201
